Workbook

Sheet Dati
A1: Pakalpojums | B1: Samaksāts | C1: Skaits | D1: Apmaksai | F1: Dzīvokļa nr. | G1: Rēķina nr. | H1: Kanalizācija | K1: Aukstais ūdens | N1: Gāzes patēriņš | R1: Skaitītāju rādījumi par: | U1: 01.11.2025.-30.11.2025. | Y1: Dzīvokļa nr. | Z1: Elektrība | AA1: Atkritumi | AB1: Gāzes abon.
A2: Elektības cena | B2: 17.21 | C2: =Z20 -> 12 | D2: =B2/C2 -> 1.4341667 | H2: Iepriekš | I2: Tagad | J2: Patēriņš | K2: Iepriekš | L2: Tagad | M2: Patēriņš | N2: Iepriekš | O2: Tagad | P2: Patēriņš | Y2: 1 | Z2: 1 | AA2: 3 | AB2: 1
A3: Atkritumi | B3: 128.25 | C3: =AA20 -> 20 | D3: =ROUND(B3/C3,2) -> 6.41 | F3: 1 | G3: DEC2025/01 | H3: 87.866 | I3: 88.889 | J3: =ROUND(I3-H3,3) -> 1.023 | K3: 571.525 | L3: 578.421 | M3: =ROUND(L3-K3,3) -> 6.896 | N3: 674.261 | O3: 676.06 | P3: =ROUND(O3-N3,3) -> 1.799 | Y3: 2 | Z3: 1 | AA3: 1 | AB3: 0
A4: Aukstais ūdens | B4: 1.69 | C4: 0.21 | D4: =B4*C4+B4 -> 2.0449 | F4: 2 | G4: DEC2025/02 | H4: 0 | I4: 0 | J4: =ROUND(I4-H4,3) -> 0 | K4: 382.331 | L4: 384.016 | M4: =ROUND(L4-K4,3) -> 1.685 | N4: 0 | O4: 0 | P4: =ROUND(O4-N4,3) -> 0 | Y4: 3 | Z4: 1 | AA4: 1 | AB4: 0
A5: Kanalizācija | B5: 2.39 | C5: 0.21 | D5: =B5*C5+B5 -> 2.8919 | F5: 3 | G5: DEC2025/03 | H5: 0 | I5: 0 | J5: =ROUND(I5-H5,3) -> 0 | K5: 41 | L5: 42.5 | M5: =ROUND(L5-K5,3) -> 1.5 | N5: 0 | O5: 0 | P5: =ROUND(O5-N5,3) -> 0 | Y5: 4 | Z5: 1 | AA5: 4 | AB5: 0
A6: Gāzes patēriņš | B6: 4.868 | C6: 0.21 | D6: =B6*C6+B6 -> 5.89028 | F6: 4 | G6: DEC2025/04 | H6: 0 | I6: 0 | J6: =ROUND(I6-H6,3) -> 0 | K6: 2321.999 | L6: 2334.647 | M6: =ROUND(L6-K6,3) -> 12.648 | N6: 0 | O6: 0 | P6: =ROUND(O6-N6,3) -> 0 | Y6: 5 | Z6: 1 | AA6: 1 | AB6: 1
A7: Gāzes apgāde | B7: 14.05 | C7: =AB20 -> 8 | D7: =ROUND(B7/C7,2) -> 1.76 | F7: 5 | G7: DEC2025/05 | H7: 0 | I7: 0 | J7: =ROUND(I7-H7,3) -> 0 | K7: 270.3 | L7: 273.3 | M7: =ROUND(L7-K7,3) -> 3 | N7: 344.735 | O7: 345.235 | P7: =ROUND(O7-N7,3) -> 0.5 | Y7: 6 | Z7: 0 | AA7: 0 | AB7: 1
F8: 6 | G8: DEC2025/06 | H8: 0 | I8: 0 | J8: =ROUND(I8-H8,3) -> 0 | K8: 447 | L8: 447 | M8: =ROUND(L8-K8,3) -> 0 | N8: 1505.985 | O8: 1505.985 | P8: =ROUND(O8-N8,3) -> 0 | Y8: 7 | Z8: 1 | AA8: 1 | AB8: 1
A9: Rēķina datums | B9: 46014 | F9: 7 | G9: DEC2025/07 | H9: 0 | I9: 0 | J9: =ROUND(I9-H9,3) -> 0 | K9: 273.447 | L9: 275.043 | M9: =ROUND(L9-K9,3) -> 1.596 | N9: 522.78 | O9: 523.63 | P9: =ROUND(O9-N9,3) -> 0.85 | Y9: 8 | Z9: 1 | AA9: 0 | AB9: 1
A10: Apmaksas datums | B10: =B9+14 -> 46028 | F10: 8 | G10: DEC2025/08 | H10: 0 | I10: 0 | J10: =ROUND(I10-H10,3) -> 0 | K10: 206.814 | L10: 206.814 | M10: =ROUND(L10-K10,3) -> 0 | N10: 399.5 | O10: 399.5 | P10: =ROUND(O10-N10,3) -> 0 | Y10: 9 | Z10: 1 | AA10: 3 | AB10: 1
F11: 9 | G11: DEC2025/09 | H11: 0 | I11: 0 | J11: =ROUND(I11-H11,3) -> 0 | K11: 346 | L11: 348 | M11: =ROUND(L11-K11,3) -> 2 | N11: 936 | O11: 937 | P11: =ROUND(O11-N11,3) -> 1 | Y11: 10 | Z11: 0 | AA11: 0 | AB11: 0
F12: 10 | G12: DEC2025/10 | H12: 0.136 | I12: 0.136 | J12: =ROUND(I12-H12,3) -> 0 | K12: 1.868 | L12: 1.868 | M12: =ROUND(L12-K12,3) -> 0 | N12: 169 | O12: 169 | P12: =ROUND(O12-N12,3) -> 0 | Y12: 11 | Z12: 0 | AA12: 0 | AB12: 0
F13: 11 | G13: DEC2025/11 | H13: 0 | I13: 0 | J13: =ROUND(I13-H13,3) -> 0 | K13: 78 | L13: 78 | M13: =ROUND(L13-K13,3) -> 0 | N13: 0 | O13: 0 | P13: =ROUND(O13-N13,3) -> 0 | Y13: 12 | Z13: 1 | AA13: 1 | AB13: 1
F14: 12 | G14: DEC2025/12 | H14: 0 | I14: 0 | J14: =ROUND(I14-H14,3) -> 0 | K14: 1757 | L14: 1763 | M14: =ROUND(L14-K14,3) -> 6 | N14: 849 | O14: 851 | P14: =ROUND(O14-N14,3) -> 2 | Y14: 13 | Z14: 1 | AA14: 3 | AB14: 0
F15: 13 | G15: DEC2025/13 | H15: 289.972 | I15: 294.972 | J15: =ROUND(I15-H15,3) -> 5 | K15: 324.62 | L15: 325.62 | M15: =ROUND(L15-K15,3) -> 1 | N15: 331.827 | O15: 331.827 | P15: =ROUND(O15-N15,3) -> 0 | Y15: 14 | Z15: 0 | AA15: 0 | AB15: 0
F16: 14 | G16: DEC2025/14 | H16: 0 | I16: 0 | J16: =ROUND(I16-H16,3) -> 0 | K16: 189 | L16: 189 | M16: =ROUND(L16-K16,3) -> 0 | N16: 218 | O16: 218 | P16: =ROUND(O16-N16,3) -> 0 | Y16: 15 | Z16: 0 | AA16: 0 | AB16: 0
F17: 15 | G17: DEC2025/15 | H17: 0 | I17: 0 | J17: =ROUND(I17-H17,3) -> 0 | K17: 0 | L17: 0 | M17: =ROUND(L17-K17,3) -> 0 | N17: 0 | O17: 0 | P17: =ROUND(O17-N17,3) -> 0 | Y17: 16 | Z17: 1 | AA17: 1 | AB17: 1
F18: 16 | G18: DEC2025/16 | H18: 0 | I18: 0 | J18: =ROUND(I18-H18,3) -> 0 | K18: 751 | L18: 755 | M18: =ROUND(L18-K18,3) -> 4 | N18: 337 | O18: 338 | P18: =ROUND(O18-N18,3) -> 1 | Y18: 17 | Z18: 1 | AA18: 1 | AB18: 0
F19: 17 | G19: DEC2025/17 | H19: 0 | I19: 0 | J19: =ROUND(I19-H19,3) -> 0 | K19: 547.3 | L19: 549.8 | M19: =ROUND(L19-K19,3) -> 2.5 | N19: 0 | O19: 0 | P19: =ROUND(O19-N19,3) -> 0 | Y19: 18 | Z19: 0 | AA19: 0 | AB19: 0
F20: 18 | G20: DEC2025/18 | H20: 0 | I20: 0 | J20: =ROUND(I20-H20,3) -> 0 | K20: 57.09 | L20: 57.09 | M20: =ROUND(L20-K20,3) -> 0 | N20: 249.5 | O20: 249.5 | P20: =ROUND(O20-N20,3) -> 0 | Y20: Kopā | Z20: =SUM(Z2:Z19) -> 12 | AA20: =SUM(AA2:AA19) -> 20 | AB20: =SUM(AB2:AB19) -> 8

Sheet 1
C2: Janīna Bobriševa | H2: RĒĶINS
C3: Reģistrācija numurs: 01035710032 | H3: Rēķina numurs: | J3: =Dati!G3 -> DEC2025/01
C4: Parka iela 24, dz. 3 | H4: Rēķina datums: | J4: =Dati!B9 -> 46014
C5: Eleja, LV-3023 | H5: Apmaksāt līdz: | J5: =Dati!B10 -> 46028
C8: Zaiga Vīksne
C9: Parka iela 24, dz. 1
C10: Eleja, LV-3023
B14: NPK | C14: PAKALPOJUMS | F14: CENA PAR VIENĪBU (EUR) | H14: DAUDZUMS | I14: KOPĀ (EUR)
B15: 1 | C15: Dzīvokļa īre | F15: =[1]DATUMI!H2 -> 0.28 | H15: 52 | I15: =ROUND(F15*H15,2) -> 14.56
B16: 2 | C16: Atkritumi | F16: =Dati!D3 -> 6.41 | H16: =Dati!AA2 -> 3 | I16: =ROUND(F16*H16,2) -> 19.23
B17: 3 | C17: Kanalizācija | F17: =Dati!D5 -> 2.8919 | H17: =Dati!J3+Dati!M3 -> 7.919 | I17: =ROUND(F17*H17,2) -> 22.9
B18: 4 | C18: Aukstais ūdens | F18: =Dati!D4 -> 2.0449 | H18: =Dati!J3+Dati!M3 -> 7.919 | I18: =ROUND(F18*H18,2) -> 16.19
B19: 5 | C19: Gāzes abonēšana | F19: =Dati!D7 -> 1.76 | H19: =Dati!AB2 -> 1 | I19: =ROUND(F19*H19,2) -> 1.76
B20: 6 | C20: Gāzes patēriņš | F20: =Dati!D6 -> 5.89028 | H20: =Dati!P3 -> 1.799 | I20: =ROUND(F20*H20,2) -> 10.6
B21: 7 | C21: Elektrības patēriņš | F21: =Dati!D2 -> 1.4341667 | H21: =Dati!Z2 -> 1 | I21: =ROUND(F21*H21,2) -> 1.43
G24: Kopā (EUR) | I24: =ROUND(SUM(I15:I21),2) -> 86.67
G25: Pārmaksa (EUR) | I25: 0
G26: Parāds (EUR) | I26: 0
G27: Summa apmaksai (EUR) | I27: =ROUND(I24-I25+I26,2) -> 86.67
B29: =Dati!R1 -> Skaitītāju rādījumi par: | F29: =Dati!U1 -> 01.11.2025.-30.11.2025.
F30: IEPRIEKŠ | G30: TAGAD | H30: PATĒRIŅŠ
D31: Kanalizācija | F31: =Dati!H3 -> 87.866 | G31: =Dati!I3 -> 88.889 | H31: =Dati!J3 -> 1.023
D32: Aukst. ūdens | F32: =Dati!K3 -> 571.525 | G32: =Dati!L3 -> 578.421 | H32: =Dati!M3 -> 6.896
D33: Gāzes patēr. | F33: =Dati!N3 -> 674.261 | G33: =Dati!O3 -> 676.06 | H33: =Dati!P3 -> 1.799
A36: VEICOT MAKSĀJUMU AR INTERNETBNAKAS STARPNIECĪBU, OBLIGĀTI NORĀDĪT RĒĶINA NUMURU!
A44: BIC/SWIFT | C44: Bankas konta numurs/IBAN | H44: Telefons: | I44: 29530007
A45: HABALV22 | C45: LV40HABA0551032242194 AS SWEDBANK | H45: E-pasts:
J46: janinabobriseva57@inbox.lv

Sheet 2
C2: Janīna Bobriševa | H2: RĒĶINS
C3: Reģistrācija numurs: 01035710032 | H3: Rēķina numurs: | J3: =Dati!G4 -> DEC2025/02
C4: Parka iela 24, dz. 3 | H4: Rēķina datums: | J4: =Dati!B9 -> 46014
C5: Eleja, LV-3023 | H5: Apmaksāt līdz: | J5: =Dati!B10 -> 46028
C8: Ēriks Černovskis
C9: Parka iela 24, dz. 2
C10: Eleja, LV-3023
B14: NPK | C14: PAKALPOJUMS | F14: CENA PAR VIENĪBU (EUR) | H14: DAUDZUMS | I14: KOPĀ (EUR)
B15: 1 | C15: Dzīvokļa īre | F15: =[1]DATUMI!H2 -> 0.28 | H15: 33 | I15: =ROUND(F15*H15,2) -> 9.24
B16: 2 | C16: Atkritumi | F16: =Dati!D3 -> 6.41 | H16: =Dati!AA3 -> 1 | I16: =ROUND(F16*H16,2) -> 6.41
B17: 3 | C17: Kanalizācija | F17: =Dati!D5 -> 2.8919 | H17: =Dati!J4+Dati!M4 -> 1.685 | I17: =F17*H17 -> 4.8728515
B18: 4 | C18: Aukstais ūdens | F18: =Dati!D4 -> 2.0449 | H18: =Dati!J4+Dati!M4 -> 1.685 | I18: =F18*H18 -> 3.4456565
B19: 5 | C19: Gāzes abonēšana | F19: =Dati!D7 -> 1.76 | H19: =Dati!AB3 -> 0 | I19: =F19*H19 -> 0
B20: 6 | C20: Gāzes patēriņš | F20: =Dati!D6 -> 5.89028 | H20: =Dati!N4+Dati!O4 -> 0 | I20: =F20*H20 -> 0
B21: 7 | C21: Elektrības patēriņš | F21: =Dati!D2 -> 1.4341667 | H21: =Dati!Z3 -> 1 | I21: =F21*H21 -> 1.4341667
G24: Kopā (EUR) | I24: =ROUND(SUM(I15:I21),2) -> 25.4
G25: Pārmaksa (EUR) | I25: 0
G26: Parāds (EUR) | I26: 0
G27: Summa apmaksai (EUR) | I27: =ROUND(I24-I25+I26,2) -> 25.4
B29: =Dati!R1 -> Skaitītāju rādījumi par: | F29: =Dati!U1 -> 01.11.2025.-30.11.2025.
F30: IEPRIEKŠ | G30: TAGAD | H30: PATĒRIŅŠ
D31: Kanalizācija | F31: =Dati!H4 -> 0 | G31: =Dati!I4 -> 0 | H31: =Dati!J4 -> 0
D32: Aukst. ūdens | F32: =Dati!K4 -> 382.331 | G32: =Dati!L4 -> 384.016 | H32: =Dati!M4 -> 1.685
D33: Gāzes patēr. | F33: =Dati!N4 -> 0 | G33: =Dati!O4 -> 0 | H33: =Dati!P4 -> 0
A36: VEICOT MAKSĀJUMU AR INTERNETBNAKAS STARPNIECĪBU, OBLIGĀTI NORĀDĪT RĒĶINA NUMURU!
A43: BIC/SWIFT | C43: Bankas konta numurs/IBAN | H43: Telefons: | I43: 29530007
A44: HABALV22 | C44: LV40HABA0551032242194 AS SWEDBANK | H44: E-pasts:
J45: janinabobriseva57@inbox.lv

Sheet 3
C2: Janīna Bobriševa | H2: RĒĶINS
C3: Reģistrācija numurs: 01035710032 | H3: Rēķina numurs: | J3: =Dati!G5 -> DEC2025/03
C4: Parka iela 24, dz. 3 | H4: Rēķina datums: | J4: =Dati!B9 -> 46014
C5: Eleja, LV-3023 | H5: Apmaksāt līdz: | J5: =Dati!B10 -> 46028
C8: Janīna Bobriševa
C9: Parka iela 24, dz. 3
C10: Eleja, LV-3023
B14: NPK | C14: PAKALPOJUMS | F14: CENA PAR VIENĪBU (EUR) | H14: DAUDZUMS | I14: KOPĀ (EUR)
B15: 1 | C15: Dzīvokļa īre | F15: =[1]DATUMI!H2 -> 0.28 | H15: 69 | I15: =ROUND(F15*H15,2) -> 19.32
B16: 2 | C16: Atkritumi | F16: =Dati!D3 -> 6.41 | H16: =Dati!AA4 -> 1 | I16: =ROUND(F16*H16,2) -> 6.41
B17: 3 | C17: Kanalizācija | F17: =Dati!D5 -> 2.8919 | H17: =Dati!J5+Dati!M5 -> 1.5 | I17: =F17*H17 -> 4.33785
B18: 4 | C18: Aukstais ūdens | F18: =Dati!D4 -> 2.0449 | H18: =Dati!J5+Dati!M5 -> 1.5 | I18: =F18*H18 -> 3.06735
B19: 5 | C19: Gāzes abonēšana | F19: =Dati!D7 -> 1.76 | H19: =Dati!AB4 -> 0 | I19: =F19*H19 -> 0
B20: 6 | C20: Gāzes patēriņš | F20: =Dati!D6 -> 5.89028 | H20: =Dati!P5 -> 0 | I20: =F20*H20 -> 0
B21: 7 | C21: Elektrības patēriņš | F21: =Dati!D2 -> 1.4341667 | H21: =Dati!Z4 -> 1 | I21: =F21*H21 -> 1.4341667
G24: Kopā (EUR) | I24: =ROUND(SUM(I15:I21),2) -> 34.57
G25: Pārmaksa (EUR) | I25: 0
G26: Parāds (EUR) | I26: 0
G27: Summa apmaksai (EUR) | I27: =ROUND(I24-I25+I26,2) -> 34.57
B29: =Dati!R1 -> Skaitītāju rādījumi par: | F29: =Dati!U1 -> 01.11.2025.-30.11.2025.
F30: IEPRIEKŠ | G30: TAGAD | H30: PATĒRIŅŠ
D31: Kanalizācija | F31: =Dati!H5 -> 0 | G31: =Dati!I5 -> 0 | H31: =Dati!J5 -> 0
D32: Aukst. ūdens | F32: =Dati!K5 -> 41 | G32: =Dati!L5 -> 42.5 | H32: =Dati!M5 -> 1.5
D33: Gāzes patēr. | F33: =Dati!N5 -> 0 | G33: =Dati!O5 -> 0 | H33: =Dati!P5 -> 0
A36: VEICOT MAKSĀJUMU AR INTERNETBNAKAS STARPNIECĪBU, OBLIGĀTI NORĀDĪT RĒĶINA NUMURU!
A43: BIC/SWIFT | C43: Bankas konta numurs/IBAN | H43: Telefons: | I43: 29530007
A44: HABALV22 | C44: LV40HABA0551032242194 AS SWEDBANK | H44: E-pasts:
J45: janinabobriseva57@inbox.lv

Sheet 4
C2: Janīna Bobriševa | H2: RĒĶINS
C3: Reģistrācija numurs: 01035710032 | H3: Rēķina numurs: | J3: =Dati!G6 -> DEC2025/04
C4: Parka iela 24, dz. 3 | H4: Rēķina datums: | J4: =Dati!B9 -> 46014
C5: Eleja, LV-3023 | H5: Apmaksāt līdz: | J5: =Dati!B10 -> 46028
C8: Ritvars Simanovičs
C9: Parka iela 24, dz. 4
C10: Eleja, LV-3023
B14: NPK | C14: PAKALPOJUMS | F14: CENA PAR VIENĪBU (EUR) | H14: DAUDZUMS | I14: KOPĀ (EUR)
B15: 1 | C15: Dzīvokļa īre | F15: =[1]DATUMI!H2 -> 0.28 | H15: 52 | I15: =ROUND(F15*H15,2) -> 14.56
B16: 2 | C16: Atkritumi | F16: =Dati!D3 -> 6.41 | H16: =Dati!AA5 -> 4 | I16: =ROUND(F16*H16,2) -> 25.64
B17: 3 | C17: Kanalizācija | F17: =Dati!D5 -> 2.8919 | H17: =Dati!J6+Dati!M6 -> 12.648 | I17: =F17*H17 -> 36.576751
B18: 4 | C18: Aukstais ūdens | F18: =Dati!D4 -> 2.0449 | H18: =Dati!J6+Dati!M6 -> 12.648 | I18: =F18*H18 -> 25.863895
B19: 5 | C19: Gāzes abonēšana | F19: =Dati!D7 -> 1.76 | H19: =Dati!AB5 -> 0 | I19: =F19*H19 -> 0
B20: 6 | C20: Gāzes patēriņš | F20: =Dati!D6 -> 5.89028 | H20: =Dati!P6 -> 0 | I20: =F20*H20 -> 0
B21: 7 | C21: Elektrības patēriņš | F21: =Dati!D2 -> 1.4341667 | H21: =Dati!Z5 -> 1 | I21: =F21*H21 -> 1.4341667
G24: Kopā (EUR) | I24: =ROUND(SUM(I15:I21),2) -> 104.07
G25: Pārmaksa (EUR) | I25: 0
G26: Parāds (EUR) | I26: 0
G27: Summa apmaksai (EUR) | I27: =ROUND(I24-I25+I26,2) -> 104.07
B29: =Dati!R1 -> Skaitītāju rādījumi par: | F29: =Dati!U1 -> 01.11.2025.-30.11.2025.
F30: IEPRIEKŠ | G30: TAGAD | H30: PATĒRIŅŠ
D31: Kanalizācija | F31: =Dati!H6 -> 0 | G31: =Dati!I6 -> 0 | H31: =Dati!J6 -> 0
D32: Aukst. ūdens | F32: =Dati!K6 -> 2321.999 | G32: =Dati!L6 -> 2334.647 | H32: =Dati!M6 -> 12.648
D33: Gāzes patēr. | F33: =Dati!N6 -> 0 | G33: =Dati!O6 -> 0 | H33: =Dati!P6 -> 0
A36: VEICOT MAKSĀJUMU AR INTERNETBNAKAS STARPNIECĪBU, OBLIGĀTI NORĀDĪT RĒĶINA NUMURU!
A43: BIC/SWIFT | C43: Bankas konta numurs/IBAN | H43: Telefons: | I43: 29530007
A44: HABALV22 | C44: LV40HABA0551032242194 AS SWEDBANK | H44: E-pasts:
J45: janinabobriseva57@inbox.lv

Sheet 5
C2: Janīna Bobriševa | H2: RĒĶINS
C3: Reģistrācija numurs: 01035710032 | H3: Rēķina numurs: | J3: =Dati!G7 -> DEC2025/05
C4: Parka iela 24, dz. 3 | H4: Rēķina datums: | J4: =Dati!B9 -> 46014
C5: Eleja, LV-3023 | H5: Apmaksāt līdz: | J5: =Dati!B10 -> 46028
C8: Ligita Brāle
C9: Parka iela 24, dz. 5
C10: Eleja, LV-3023
B14: NPK | C14: PAKALPOJUMS | F14: CENA PAR VIENĪBU (EUR) | H14: DAUDZUMS | I14: KOPĀ (EUR)
B15: 1 | C15: Dzīvokļa īre | F15: =[1]DATUMI!H2 -> 0.28 | H15: 33 | I15: =ROUND(F15*H15,2) -> 9.24
B16: 2 | C16: Atkritumi | F16: =Dati!D3 -> 6.41 | H16: =Dati!AA6 -> 1 | I16: =ROUND(F16*H16,2) -> 6.41
B17: 3 | C17: Kanalizācija | F17: =Dati!D5 -> 2.8919 | H17: =Dati!J7+Dati!M7 -> 3 | I17: =F17*H17 -> 8.6757
B18: 4 | C18: Aukstais ūdens | F18: =Dati!D4 -> 2.0449 | H18: =Dati!J7+Dati!M7 -> 3 | I18: =F18*H18 -> 6.1347
B19: 5 | C19: Gāzes abonēšana | F19: =Dati!D7 -> 1.76 | H19: =Dati!AB6 -> 1 | I19: =F19*H19 -> 1.76
B20: 6 | C20: Gāzes patēriņš | F20: =Dati!D6 -> 5.89028 | H20: =Dati!P7 -> 0.5 | I20: =F20*H20 -> 2.94514
B21: 7 | C21: Elektrības patēriņš | F21: =Dati!D2 -> 1.4341667 | H21: =Dati!Z6 -> 1 | I21: =F21*H21 -> 1.4341667
G24: Kopā (EUR) | I24: =ROUND(SUM(I15:I21),2) -> 36.6
G25: Pārmaksa (EUR) | I25: 0
G26: Parāds (EUR) | I26: 0
G27: Summa apmaksai (EUR) | I27: =ROUND(I24-I25+I26,2) -> 36.6
B29: =Dati!R1 -> Skaitītāju rādījumi par: | F29: =Dati!U1 -> 01.11.2025.-30.11.2025.
F30: IEPRIEKŠ | G30: TAGAD | H30: PATĒRIŅŠ
D31: Kanalizācija | F31: =Dati!H7 -> 0 | G31: =Dati!I7 -> 0 | H31: =Dati!J7 -> 0
D32: Aukst. ūdens | F32: =Dati!K7 -> 270.3 | G32: =Dati!L7 -> 273.3 | H32: =Dati!M7 -> 3
D33: Gāzes patēr. | F33: =Dati!N7 -> 344.735 | G33: =Dati!O7 -> 345.235 | H33: =Dati!P7 -> 0.5
A36: VEICOT MAKSĀJUMU AR INTERNETBNAKAS STARPNIECĪBU, OBLIGĀTI NORĀDĪT RĒĶINA NUMURU!
A43: BIC/SWIFT | C43: Bankas konta numurs/IBAN | H43: Telefons: | I43: 29530007
A44: HABALV22 | C44: LV40HABA0551032242194 AS SWEDBANK | H44: E-pasts:
J45: janinabobriseva57@inbox.lv

Sheet 6
C2: Janīna Bobriševa | H2: RĒĶINS
C3: Reģistrācija numurs: 01035710032 | H3: Rēķina numurs: | J3: =Dati!G8 -> DEC2025/06
C4: Parka iela 24, dz. 3 | H4: Rēķina datums: | J4: =Dati!B9 -> 46014
C5: Eleja, LV-3023 | H5: Apmaksāt līdz: | J5: =Dati!B10 -> 46028
C8: Diāna Plokste
C9: Parka iela 24, dz. 6
C10: Eleja, LV-3023
B14: NPK | C14: PAKALPOJUMS | F14: CENA PAR VIENĪBU (EUR) | H14: DAUDZUMS | I14: KOPĀ (EUR)
B15: 1 | C15: Dzīvokļa īre | F15: =[1]DATUMI!H2 -> 0.28 | H15: 69 | I15: =ROUND(F15*H15,2) -> 19.32
B16: 2 | C16: Atkritumi | F16: =Dati!D3 -> 6.41 | H16: =Dati!AA7 -> 0 | I16: =ROUND(F16*H16,2) -> 0
B17: 3 | C17: Kanalizācija | F17: =Dati!D5 -> 2.8919 | H17: =Dati!J8+Dati!M8 -> 0 | I17: =F17*H17 -> 0
B18: 4 | C18: Aukstais ūdens | F18: =Dati!D4 -> 2.0449 | H18: =Dati!J8+Dati!M8 -> 0 | I18: =F18*H18 -> 0
B19: 5 | C19: Gāzes abonēšana | F19: =Dati!D7 -> 1.76 | H19: =Dati!AB7 -> 1 | I19: =F19*H19 -> 1.76
B20: 6 | C20: Gāzes patēriņš | F20: =Dati!D6 -> 5.89028 | H20: =Dati!P8 -> 0 | I20: =F20*H20 -> 0
B21: 7 | C21: Elektrības patēriņš | F21: =Dati!D2 -> 1.4341667 | H21: =Dati!Z7 -> 0 | I21: =F21*H21 -> 0
G24: Kopā (EUR) | I24: =ROUND(SUM(I15:I21),2) -> 21.08
G25: Pārmaksa (EUR) | I25: 0
G26: Parāds (EUR) | I26: 0
G27: Summa apmaksai (EUR) | I27: =ROUND(I24-I25+I26,2) -> 21.08
B29: =Dati!R1 -> Skaitītāju rādījumi par: | F29: =Dati!U1 -> 01.11.2025.-30.11.2025.
F30: IEPRIEKŠ | G30: TAGAD | H30: PATĒRIŅŠ
D31: Kanalizācija | F31: =Dati!H8 -> 0 | G31: =Dati!I8 -> 0 | H31: =Dati!J8 -> 0
D32: Aukst. ūdens | F32: =Dati!K8 -> 447 | G32: =Dati!L8 -> 447 | H32: =Dati!M8 -> 0
D33: Gāzes patēr. | F33: =Dati!N8 -> 1505.985 | G33: =Dati!O8 -> 1505.985 | H33: =Dati!P8 -> 0
A36: VEICOT MAKSĀJUMU AR INTERNETBNAKAS STARPNIECĪBU, OBLIGĀTI NORĀDĪT RĒĶINA NUMURU!
A43: BIC/SWIFT | C43: Bankas konta numurs/IBAN | H43: Telefons: | I43: 29530007
A44: HABALV22 | C44: LV40HABA0551032242194 AS SWEDBANK | H44: E-pasts:
J45: janinabobriseva57@inbox.lv

Sheet 7
C2: Janīna Bobriševa | H2: RĒĶINS
C3: Reģistrācija numurs: 01035710032 | H3: Rēķina numurs: | J3: =Dati!G9 -> DEC2025/07
C4: Parka iela 24, dz. 3 | H4: Rēķina datums: | J4: =Dati!B9 -> 46014
C5: Eleja, LV-3023 | H5: Apmaksāt līdz: | J5: =Dati!B10 -> 46028
C8: Asja Ņikitina
C9: Parka iela 24, dz. 7
C10: Eleja, LV-3023
B14: NPK | C14: PAKALPOJUMS | F14: CENA PAR VIENĪBU (EUR) | H14: DAUDZUMS | I14: KOPĀ (EUR)
B15: 1 | C15: Dzīvokļa īre | F15: =[1]DATUMI!H2 -> 0.28 | H15: 52 | I15: =ROUND(F15*H15,2) -> 14.56
B16: 2 | C16: Atkritumi | F16: =Dati!D3 -> 6.41 | H16: =Dati!AA8 -> 1 | I16: =ROUND(F16*H16,2) -> 6.41
B17: 3 | C17: Kanalizācija | F17: =Dati!D5 -> 2.8919 | H17: =Dati!J9+Dati!M9 -> 1.596 | I17: =F17*H17 -> 4.6154724
B18: 4 | C18: Aukstais ūdens | F18: =Dati!D4 -> 2.0449 | H18: =Dati!J9+Dati!M9 -> 1.596 | I18: =F18*H18 -> 3.2636604
B19: 5 | C19: Gāzes abonēšana | F19: =Dati!D7 -> 1.76 | H19: =Dati!AB8 -> 1 | I19: =F19*H19 -> 1.76
B20: 6 | C20: Gāzes patēriņš | F20: =Dati!D6 -> 5.89028 | H20: =Dati!P9 -> 0.85 | I20: =F20*H20 -> 5.006738
B21: 7 | C21: Elektrības patēriņš | F21: =Dati!D2 -> 1.4341667 | H21: =Dati!Z8 -> 1 | I21: =F21*H21 -> 1.4341667
G24: Kopā (EUR) | I24: =ROUND(SUM(I15:I21),2) -> 37.05
G25: Pārmaksa (EUR) | I25: 0
G26: Parāds (EUR) | I26: 0
G27: Summa apmaksai (EUR) | I27: =ROUND(I24-I25+I26,2) -> 37.05
B29: =Dati!R1 -> Skaitītāju rādījumi par: | F29: =Dati!U1 -> 01.11.2025.-30.11.2025.
F30: IEPRIEKŠ | G30: TAGAD | H30: PATĒRIŅŠ
D31: Kanalizācija | F31: =Dati!H9 -> 0 | G31: =Dati!I9 -> 0 | H31: =Dati!J9 -> 0
D32: Aukst. ūdens | F32: =Dati!K9 -> 273.447 | G32: =Dati!L9 -> 275.043 | H32: =Dati!M9 -> 1.596
D33: Gāzes patēr. | F33: =Dati!N9 -> 522.78 | G33: =Dati!O9 -> 523.63 | H33: =Dati!P9 -> 0.85
A36: VEICOT MAKSĀJUMU AR INTERNETBNAKAS STARPNIECĪBU, OBLIGĀTI NORĀDĪT RĒĶINA NUMURU!
A43: BIC/SWIFT | C43: Bankas konta numurs/IBAN | H43: Telefons: | I43: 29530007
A44: HABALV22 | C44: LV40HABA0551032242194 AS SWEDBANK | H44: E-pasts:
J45: janinabobriseva57@inbox.lv

Sheet 8
C2: Janīna Bobriševa | H2: RĒĶINS
C3: Reģistrācija numurs: 01035710032 | H3: Rēķina numurs: | J3: =Dati!G10 -> DEC2025/08
C4: Parka iela 24, dz. 3 | H4: Rēķina datums: | J4: =Dati!B9 -> 46014
C5: Eleja, LV-3023 | H5: Apmaksāt līdz: | J5: =Dati!B10 -> 46028
C8: Oļesja Turovska
C9: Parka iela 24, dz. 8
C10: Eleja, LV-3023
B14: NPK | C14: PAKALPOJUMS | F14: CENA PAR VIENĪBU (EUR) | H14: DAUDZUMS | I14: KOPĀ (EUR)
B15: 1 | C15: Dzīvokļa īre | F15: =[1]DATUMI!H2 -> 0.28 | H15: 33 | I15: =ROUND(F15*H15,2) -> 9.24
B16: 2 | C16: Atkritumi | F16: =Dati!D3 -> 6.41 | H16: =Dati!AA9 -> 0 | I16: =ROUND(F16*H16,2) -> 0
B17: 3 | C17: Kanalizācija | F17: =Dati!D5 -> 2.8919 | H17: =Dati!J10+Dati!M10 -> 0 | I17: =F17*H17 -> 0
B18: 4 | C18: Aukstais ūdens | F18: =Dati!D4 -> 2.0449 | H18: =Dati!J10+Dati!M10 -> 0 | I18: =F18*H18 -> 0
B19: 5 | C19: Gāzes abonēšana | F19: =Dati!D7 -> 1.76 | H19: =Dati!AB9 -> 1 | I19: =F19*H19 -> 1.76
B20: 6 | C20: Gāzes patēriņš | F20: =Dati!D6 -> 5.89028 | H20: =Dati!P10 -> 0 | I20: =F20*H20 -> 0
B21: 7 | C21: Elektrības patēriņš | F21: =Dati!D2 -> 1.4341667 | H21: =Dati!Z9 -> 1 | I21: =F21*H21 -> 1.4341667
G24: Kopā (EUR) | I24: =ROUND(SUM(I15:I21),2) -> 12.43
G25: Pārmaksa (EUR) | I25: 0
G26: Parāds (EUR) | I26: 136.98
G27: Summa apmaksai (EUR) | I27: =ROUND(I24-I25+I26,2) -> 149.41
B29: =Dati!R1 -> Skaitītāju rādījumi par: | F29: =Dati!U1 -> 01.11.2025.-30.11.2025.
F30: IEPRIEKŠ | G30: TAGAD | H30: PATĒRIŅŠ
D31: Kanalizācija | F31: =Dati!H10 -> 0 | G31: =Dati!I10 -> 0 | H31: =Dati!J10 -> 0
D32: Aukst. ūdens | F32: =Dati!K10 -> 206.814 | G32: =Dati!L10 -> 206.814 | H32: =Dati!M10 -> 0
D33: Gāzes patēr. | F33: =Dati!N10 -> 399.5 | G33: =Dati!O10 -> 399.5 | H33: =Dati!P10 -> 0
A36: VEICOT MAKSĀJUMU AR INTERNETBNAKAS STARPNIECĪBU, OBLIGĀTI NORĀDĪT RĒĶINA NUMURU!
A43: BIC/SWIFT | C43: Bankas konta numurs/IBAN | H43: Telefons: | I43: 29530007
A44: HABALV22 | C44: LV40HABA0551032242194 AS SWEDBANK | H44: E-pasts:
J45: janinabobriseva57@inbox.lv

Sheet 9
C2: Janīna Bobriševa | H2: RĒĶINS
C3: Reģistrācija numurs: 01035710032 | H3: Rēķina numurs: | J3: =Dati!G11 -> DEC2025/09
C4: Parka iela 24, dz. 3 | H4: Rēķina datums: | J4: =Dati!B9 -> 46014
C5: Eleja, LV-3023 | H5: Apmaksāt līdz: | J5: =Dati!B10 -> 46028
C8: Svetlana Ļevdanska
C9: Parka iela 24, dz. 9
C10: Eleja, LV-3023
B14: NPK | C14: PAKALPOJUMS | F14: CENA PAR VIENĪBU (EUR) | H14: DAUDZUMS | I14: KOPĀ (EUR)
B15: 1 | C15: Dzīvokļa īre | F15: =[1]DATUMI!H2 -> 0.28 | H15: 69 | I15: =ROUND(F15*H15,2) -> 19.32
B16: 2 | C16: Atkritumi | F16: =Dati!D3 -> 6.41 | H16: =Dati!AA10 -> 3 | I16: =ROUND(F16*H16,2) -> 19.23
B17: 3 | C17: Kanalizācija | F17: =Dati!D5 -> 2.8919 | H17: =Dati!J11+Dati!M11 -> 2 | I17: =F17*H17 -> 5.7838
B18: 4 | C18: Aukstais ūdens | F18: =Dati!D4 -> 2.0449 | H18: =Dati!J11+Dati!M11 -> 2 | I18: =F18*H18 -> 4.0898
B19: 5 | C19: Gāzes abonēšana | F19: =Dati!D7 -> 1.76 | H19: =Dati!AB10 -> 1 | I19: =F19*H19 -> 1.76
B20: 6 | C20: Gāzes patēriņš | F20: =Dati!D6 -> 5.89028 | H20: =Dati!P11 -> 1 | I20: =F20*H20 -> 5.89028
B21: 7 | C21: Elektrības patēriņš | F21: =Dati!D2 -> 1.4341667 | H21: =Dati!Z10 -> 1 | I21: =F21*H21 -> 1.4341667
G24: Kopā (EUR) | I24: =ROUND(SUM(I15:I21),2) -> 57.51
G25: Pārmaksa (EUR) | I25: 25
G26: Parāds (EUR) | I26: 0
G27: Summa apmaksai (EUR) | I27: =ROUND(I24-I25+I26,2) -> 32.51
B29: =Dati!R1 -> Skaitītāju rādījumi par: | F29: =Dati!U1 -> 01.11.2025.-30.11.2025.
F30: IEPRIEKŠ | G30: TAGAD | H30: PATĒRIŅŠ
D31: Kanalizācija | F31: =Dati!H11 -> 0 | G31: =Dati!I11 -> 0 | H31: =Dati!J11 -> 0
D32: Aukst. ūdens | F32: =Dati!K11 -> 346 | G32: =Dati!L11 -> 348 | H32: =Dati!M11 -> 2
D33: Gāzes patēr. | F33: =Dati!N11 -> 936 | G33: =Dati!O11 -> 937 | H33: =Dati!P11 -> 1
A36: VEICOT MAKSĀJUMU AR INTERNETBNAKAS STARPNIECĪBU, OBLIGĀTI NORĀDĪT RĒĶINA NUMURU!
A43: BIC/SWIFT | C43: Bankas konta numurs/IBAN | H43: Telefons: | I43: 29530007
A44: HABALV22 | C44: LV40HABA0551032242194 AS SWEDBANK | H44: E-pasts:
J45: janinabobriseva57@inbox.lv

Sheet 10
C2: Janīna Bobriševa | H2: RĒĶINS
C3: Reģistrācija numurs: 01035710032 | H3: Rēķina numurs: | J3: =Dati!G12 -> DEC2025/10
C4: Parka iela 24, dz. 3 | H4: Rēķina datums: | J4: =Dati!B9 -> 46014
C5: Eleja, LV-3023 | H5: Apmaksāt līdz: | J5: =Dati!B10 -> 46028
C8: Viktorija Jevdokimenko
C9: Parka iela 24, dz. 10
C10: Eleja, LV-3023
B14: NPK | C14: PAKALPOJUMS | F14: CENA PAR VIENĪBU (EUR) | H14: DAUDZUMS | I14: KOPĀ (EUR)
B15: 1 | C15: Dzīvokļa īre | F15: 0 | H15: 52 | I15: =ROUND(F15*H15,2) -> 0
B16: 2 | C16: Atkritumi | F16: =Dati!D3 -> 6.41 | H16: =Dati!AA11 -> 0 | I16: =ROUND(F16*H16,2) -> 0
B17: 3 | C17: Kanalizācija | F17: =Dati!D5 -> 2.8919 | H17: =Dati!J12+Dati!M12 -> 0 | I17: =F17*H17 -> 0
B18: 4 | C18: Aukstais ūdens | F18: =Dati!D4 -> 2.0449 | H18: =Dati!J12+Dati!M12 -> 0 | I18: =F18*H18 -> 0
B19: 5 | C19: Gāzes abonēšana | F19: =Dati!D7 -> 1.76 | H19: =Dati!AB11 -> 0 | I19: =F19*H19 -> 0
B20: 6 | C20: Gāzes patēriņš | F20: =Dati!D6 -> 5.89028 | H20: =Dati!P12 -> 0 | I20: =F20*H20 -> 0
B21: 7 | C21: Elektrības patēriņš | F21: =Dati!D2 -> 1.4341667 | H21: =Dati!Z11 -> 0 | I21: =F21*H21 -> 0
G24: Kopā (EUR) | I24: =ROUND(SUM(I15:I21),2) -> 0
G25: Pārmaksa (EUR) | I25: 0
G26: Parāds (EUR) | I26: 0
G27: Summa apmaksai (EUR) | I27: =ROUND(I24-I25+I26,2) -> 0
B29: =Dati!R1 -> Skaitītāju rādījumi par: | F29: =Dati!U1 -> 01.11.2025.-30.11.2025.
F30: IEPRIEKŠ | G30: TAGAD | H30: PATĒRIŅŠ
D31: Kanalizācija | F31: =Dati!H12 -> 0.136 | G31: =Dati!I12 -> 0.136 | H31: =Dati!J12 -> 0
D32: Aukst. ūdens | F32: =Dati!K12 -> 1.868 | G32: =Dati!L12 -> 1.868 | H32: =Dati!M12 -> 0
D33: Gāzes patēr. | F33: =Dati!N12 -> 169 | G33: =Dati!O12 -> 169 | H33: =Dati!P12 -> 0
A36: VEICOT MAKSĀJUMU AR INTERNETBNAKAS STARPNIECĪBU, OBLIGĀTI NORĀDĪT RĒĶINA NUMURU!
A43: BIC/SWIFT | C43: Bankas konta numurs/IBAN | H43: Telefons: | I43: 29530007
A44: HABALV22 | C44: LV40HABA0551032242194 AS SWEDBANK | H44: E-pasts:
J45: janinabobriseva57@inbox.lv

Sheet 11
C2: Janīna Bobriševa | H2: RĒĶINS
C3: Reģistrācija numurs: 01035710032 | H3: Rēķina numurs: | J3: =Dati!G13 -> DEC2025/11
C4: Parka iela 24, dz. 3 | H4: Rēķina datums: | J4: =Dati!B9 -> 46014
C5: Eleja, LV-3023 | H5: Apmaksāt līdz: | J5: =Dati!B10 -> 46028
C8: Mirdza Strema
C9: Parka iela 24, dz. 11
C10: Eleja, LV-3023
B14: NPK | C14: PAKALPOJUMS | F14: CENA PAR VIENĪBU (EUR) | H14: DAUDZUMS | I14: KOPĀ (EUR)
B15: 1 | C15: Dzīvokļa īre | F15: =[1]DATUMI!H2 -> 0.28 | H15: 33 | I15: =ROUND(F15*H15,2) -> 9.24
B16: 2 | C16: Atkritumi | F16: =Dati!D3 -> 6.41 | H16: =Dati!AA12 -> 0 | I16: =ROUND(F16*H16,2) -> 0
B17: 3 | C17: Kanalizācija | F17: =Dati!D5 -> 2.8919 | H17: =Dati!J13+Dati!M13 -> 0 | I17: =F17*H17 -> 0
B18: 4 | C18: Aukstais ūdens | F18: =Dati!D4 -> 2.0449 | H18: =Dati!J13+Dati!M13 -> 0 | I18: =F18*H18 -> 0
B19: 5 | C19: Gāzes abonēšana | F19: =Dati!D7 -> 1.76 | H19: =Dati!AB12 -> 0 | I19: =F19*H19 -> 0
B20: 6 | C20: Gāzes patēriņš | F20: =Dati!D6 -> 5.89028 | H20: =Dati!P13 -> 0 | I20: =F20*H20 -> 0
B21: 7 | C21: Elektrības patēriņš | F21: =Dati!D2 -> 1.4341667 | H21: =Dati!Z12 -> 0 | I21: =F21*H21 -> 0
G24: Kopā (EUR) | I24: =ROUND(SUM(I15:I21),2) -> 9.24
G25: Pārmaksa (EUR) | I25: 0
G26: Parāds (EUR) | I26: 0
G27: Summa apmaksai (EUR) | I27: =ROUND(I24-I25+I26,2) -> 9.24
B29: =Dati!R1 -> Skaitītāju rādījumi par: | F29: =Dati!U1 -> 01.11.2025.-30.11.2025.
F30: IEPRIEKŠ | G30: TAGAD | H30: PATĒRIŅŠ
D31: Kanalizācija | F31: =Dati!H13 -> 0 | G31: =Dati!I13 -> 0 | H31: =Dati!J13 -> 0
D32: Aukst. ūdens | F32: =Dati!K13 -> 78 | G32: =Dati!L13 -> 78 | H32: =Dati!M13 -> 0
D33: Gāzes patēr. | F33: =Dati!N13 -> 0 | G33: =Dati!O13 -> 0 | H33: =Dati!P13 -> 0
A36: VEICOT MAKSĀJUMU AR INTERNETBNAKAS STARPNIECĪBU, OBLIGĀTI NORĀDĪT RĒĶINA NUMURU!
A43: BIC/SWIFT | C43: Bankas konta numurs/IBAN | H43: Telefons: | I43: 29530007
A44: HABALV22 | C44: LV40HABA0551032242194 AS SWEDBANK | H44: E-pasts:
J45: janinabobriseva57@inbox.lv

Sheet 12
C2: Janīna Bobriševa | H2: RĒĶINS
C3: Reģistrācija numurs: 01035710032 | H3: Rēķina numurs: | J3: =Dati!G14 -> DEC2025/12
C4: Parka iela 24, dz. 3 | H4: Rēķina datums: | J4: =Dati!B9 -> 46014
C5: Eleja, LV-3023 | H5: Apmaksāt līdz: | J5: =Dati!B10 -> 46028
C8: Gabriels Dioniss Gots
C9: Parka iela 24, dz. 12
C10: Eleja, LV-3023
B14: NPK | C14: PAKALPOJUMS | F14: CENA PAR VIENĪBU (EUR) | H14: DAUDZUMS | I14: KOPĀ (EUR)
B15: 1 | C15: Dzīvokļa īre | F15: =[1]DATUMI!H2 -> 0.28 | H15: 68 | I15: =ROUND(F15*H15,2) -> 19.04
B16: 2 | C16: Atkritumi | F16: =Dati!D3 -> 6.41 | H16: =Dati!AA13 -> 1 | I16: =ROUND(F16*H16,2) -> 6.41
B17: 3 | C17: Kanalizācija | F17: =Dati!D5 -> 2.8919 | H17: =Dati!J14+Dati!M14 -> 6 | I17: =F17*H17 -> 17.3514
B18: 4 | C18: Aukstais ūdens | F18: =Dati!D4 -> 2.0449 | H18: =Dati!J14+Dati!M14 -> 6 | I18: =F18*H18 -> 12.2694
B19: 5 | C19: Gāzes abonēšana | F19: =Dati!D7 -> 1.76 | H19: =Dati!AB13 -> 1 | I19: =F19*H19 -> 1.76
B20: 6 | C20: Gāzes patēriņš | F20: =Dati!D6 -> 5.89028 | H20: =Dati!P14 -> 2 | I20: =F20*H20 -> 11.78056
B21: 7 | C21: Elektrības patēriņš | F21: =Dati!D2 -> 1.4341667 | H21: =Dati!Z13 -> 1 | I21: =F21*H21 -> 1.4341667
G24: Kopā (EUR) | I24: =ROUND(SUM(I15:I21),2) -> 70.05
G25: Pārmaksa (EUR) | I25: 0
G26: Parāds (EUR) | I26: 0
G27: Summa apmaksai (EUR) | I27: =ROUND(I24-I25+I26,2) -> 70.05
B29: =Dati!R1 -> Skaitītāju rādījumi par: | F29: =Dati!U1 -> 01.11.2025.-30.11.2025.
F30: IEPRIEKŠ | G30: TAGAD | H30: PATĒRIŅŠ
D31: Kanalizācija | F31: =Dati!H14 -> 0 | G31: =Dati!I14 -> 0 | H31: =Dati!J14 -> 0
D32: Aukst. ūdens | F32: =Dati!K14 -> 1757 | G32: =Dati!L14 -> 1763 | H32: =Dati!M14 -> 6
D33: Gāzes patēr. | F33: =Dati!N14 -> 849 | G33: =Dati!O14 -> 851 | H33: =Dati!P14 -> 2
A36: VEICOT MAKSĀJUMU AR INTERNETBNAKAS STARPNIECĪBU, OBLIGĀTI NORĀDĪT RĒĶINA NUMURU!
A43: BIC/SWIFT | C43: Bankas konta numurs/IBAN | H43: Telefons: | I43: 29530007
A44: HABALV22 | C44: LV40HABA0551032242194 AS SWEDBANK | H44: E-pasts:
J45: janinabobriseva57@inbox.lv

Sheet 13
C2: Janīna Bobriševa | H2: RĒĶINS
C3: Reģistrācija numurs: 01035710032 | H3: Rēķina numurs: | J3: =Dati!G15 -> DEC2025/13
C4: Parka iela 24, dz. 3 | H4: Rēķina datums: | J4: =Dati!B9 -> 46014
C5: Eleja, LV-3023 | H5: Apmaksāt līdz: | J5: =Dati!B10 -> 46028
C8: Mareks Voitehovičs
C9: Parka iela 24, dz. 13
C10: Eleja, LV-3023
B14: NPK | C14: PAKALPOJUMS | F14: CENA PAR VIENĪBU (EUR) | H14: DAUDZUMS | I14: KOPĀ (EUR)
B15: 1 | C15: Dzīvokļa īre | F15: =[1]DATUMI!H2 -> 0.28 | H15: 52 | I15: =ROUND(F15*H15,2) -> 14.56
B16: 2 | C16: Atkritumi | F16: =Dati!D3 -> 6.41 | H16: =Dati!AA14 -> 3 | I16: =ROUND(F16*H16,2) -> 19.23
B17: 3 | C17: Kanalizācija | F17: =Dati!D5 -> 2.8919 | H17: =Dati!J15+Dati!M15 -> 6 | I17: =F17*H17 -> 17.3514
B18: 4 | C18: Aukstais ūdens | F18: =Dati!D4 -> 2.0449 | H18: =Dati!J15+Dati!M15 -> 6 | I18: =F18*H18 -> 12.2694
B19: 5 | C19: Gāzes abonēšana | F19: =Dati!D7 -> 1.76 | H19: =Dati!AB14 -> 0 | I19: =F19*H19 -> 0
B20: 6 | C20: Gāzes patēriņš | F20: =Dati!D6 -> 5.89028 | H20: =Dati!P15 -> 0 | I20: =F20*H20 -> 0
B21: 7 | C21: Elektrības patēriņš | F21: =Dati!D2 -> 1.4341667 | H21: =Dati!Z14 -> 1 | I21: =F21*H21 -> 1.4341667
G24: Kopā (EUR) | I24: =ROUND(SUM(I15:I21),2) -> 64.84
G25: Pārmaksa (EUR) | I25: 0
G26: Parāds (EUR) | I26: 0
G27: Summa apmaksai (EUR) | I27: =ROUND(I24-I25+I26,2) -> 64.84
B29: =Dati!R1 -> Skaitītāju rādījumi par: | F29: =Dati!U1 -> 01.11.2025.-30.11.2025.
F30: IEPRIEKŠ | G30: TAGAD | H30: PATĒRIŅŠ
D31: Kanalizācija | F31: =Dati!H15 -> 289.972 | G31: =Dati!I15 -> 294.972 | H31: =Dati!J15 -> 5
D32: Aukst. ūdens | F32: =Dati!K15 -> 324.62 | G32: =Dati!L15 -> 325.62 | H32: =Dati!M15 -> 1
D33: Gāzes patēr. | F33: =Dati!N15 -> 331.827 | G33: =Dati!O15 -> 331.827 | H33: =Dati!P15 -> 0
A36: VEICOT MAKSĀJUMU AR INTERNETBNAKAS STARPNIECĪBU, OBLIGĀTI NORĀDĪT RĒĶINA NUMURU!
A43: BIC/SWIFT | C43: Bankas konta numurs/IBAN | H43: Telefons: | I43: 29530007
A44: HABALV22 | C44: LV40HABA0551032242194 AS SWEDBANK | H44: E-pasts:
J45: janinabobriseva57@inbox.lv

Sheet 14
C2: Janīna Bobriševa | H2: RĒĶINS
C3: Reģistrācija numurs: 01035710032 | H3: Rēķina numurs: | J3: =Dati!G16 -> DEC2025/14
C4: Parka iela 24, dz. 3 | H4: Rēķina datums: | J4: =Dati!B9 -> 46014
C5: Eleja, LV-3023 | H5: Apmaksāt līdz: | J5: =Dati!B10 -> 46028
C8: Virgīnija Elzbutaite
C9: Parka iela 24, dz. 14
C10: Eleja, LV-3023
B14: NPK | C14: PAKALPOJUMS | F14: CENA PAR VIENĪBU (EUR) | H14: DAUDZUMS | I14: KOPĀ (EUR)
B15: 1 | C15: Dzīvokļa īre | F15: =[1]DATUMI!H2 -> 0.28 | H15: 33 | I15: =ROUND(F15*H15,2) -> 9.24
B16: 2 | C16: Atkritumi | F16: =Dati!D3 -> 6.41 | H16: =Dati!AA15 -> 0 | I16: =ROUND(F16*H16,2) -> 0
B17: 3 | C17: Kanalizācija | F17: =Dati!D5 -> 2.8919 | H17: =Dati!J16+Dati!M16 -> 0 | I17: =F17*H17 -> 0
B18: 4 | C18: Aukstais ūdens | F18: =Dati!D4 -> 2.0449 | H18: =Dati!J16+Dati!M16 -> 0 | I18: =F18*H18 -> 0
B19: 5 | C19: Gāzes abonēšana | F19: =Dati!D7 -> 1.76 | H19: =Dati!AB15 -> 0 | I19: =F19*H19 -> 0
B20: 6 | C20: Gāzes patēriņš | F20: =Dati!D6 -> 5.89028 | H20: =Dati!P16 -> 0 | I20: =F20*H20 -> 0
B21: 7 | C21: Elektrības patēriņš | F21: =Dati!D2 -> 1.4341667 | H21: =Dati!Z15 -> 0 | I21: =F21*H21 -> 0
G24: Kopā (EUR) | I24: =ROUND(SUM(I15:I21),2) -> 9.24
G25: Pārmaksa (EUR) | I25: 0
G26: Parāds (EUR) | I26: 0
G27: Summa apmaksai (EUR) | I27: =ROUND(I24-I25+I26,2) -> 9.24
B29: =Dati!R1 -> Skaitītāju rādījumi par: | F29: =Dati!U1 -> 01.11.2025.-30.11.2025.
F30: IEPRIEKŠ | G30: TAGAD | H30: PATĒRIŅŠ
D31: Kanalizācija | F31: =Dati!H16 -> 0 | G31: =Dati!I16 -> 0 | H31: =Dati!J16 -> 0
D32: Aukst. ūdens | F32: =Dati!K16 -> 189 | G32: =Dati!L16 -> 189 | H32: =Dati!M16 -> 0
D33: Gāzes patēr. | F33: =Dati!N16 -> 218 | G33: =Dati!O16 -> 218 | H33: =Dati!P16 -> 0
A36: VEICOT MAKSĀJUMU AR INTERNETBNAKAS STARPNIECĪBU, OBLIGĀTI NORĀDĪT RĒĶINA NUMURU!
A43: BIC/SWIFT | C43: Bankas konta numurs/IBAN | H43: Telefons: | I43: 29530007
A44: HABALV22 | C44: LV40HABA0551032242194 AS SWEDBANK | H44: E-pasts:
J45: janinabobriseva57@inbox.lv

Sheet 15
C2: Janīna Bobriševa | H2: RĒĶINS
C3: Reģistrācija numurs: 01035710032 | H3: Rēķina numurs: | J3: =Dati!G17 -> DEC2025/15
C4: Parka iela 24, dz. 3 | H4: Rēķina datums: | J4: =Dati!B9 -> 46014
C5: Eleja, LV-3023 | H5: Apmaksāt līdz: | J5: =Dati!B10 -> 46028
C8: Vadims Dedjuļs
C9: Parka iela 24, dz. 15
C10: Eleja, LV-3023
B14: NPK | C14: PAKALPOJUMS | F14: CENA PAR VIENĪBU (EUR) | H14: DAUDZUMS | I14: KOPĀ (EUR)
B15: 1 | C15: Dzīvokļa īre | F15: =[1]DATUMI!H2 -> 0.28 | H15: 68 | I15: =ROUND(F15*H15,2) -> 19.04
B16: 2 | C16: Atkritumi | F16: =Dati!D3 -> 6.41 | H16: =Dati!AA16 -> 0 | I16: =ROUND(F16*H16,2) -> 0
B17: 3 | C17: Kanalizācija | F17: =Dati!D5 -> 2.8919 | H17: =Dati!J17+Dati!M17 -> 0 | I17: =F17*H17 -> 0
B18: 4 | C18: Aukstais ūdens | F18: =Dati!D4 -> 2.0449 | H18: =Dati!J17+Dati!M17 -> 0 | I18: =F18*H18 -> 0
B19: 5 | C19: Gāzes abonēšana | F19: =Dati!D7 -> 1.76 | H19: =Dati!AB16 -> 0 | I19: =F19*H19 -> 0
B20: 6 | C20: Gāzes patēriņš | F20: =Dati!D6 -> 5.89028 | H20: =Dati!P17 -> 0 | I20: =F20*H20 -> 0
B21: 7 | C21: Elektrības patēriņš | F21: =Dati!D2 -> 1.4341667 | H21: =Dati!Z16 -> 0 | I21: =F21*H21 -> 0
G24: Kopā (EUR) | I24: =ROUND(SUM(I15:I21),2) -> 19.04
G25: Pārmaksa (EUR) | I25: 0
G26: Parāds (EUR) | I26: 0
G27: Summa apmaksai (EUR) | I27: =ROUND(I24-I25+I26,2) -> 19.04
B29: =Dati!R1 -> Skaitītāju rādījumi par: | F29: =Dati!U1 -> 01.11.2025.-30.11.2025.
F30: IEPRIEKŠ | G30: TAGAD | H30: PATĒRIŅŠ
D31: Kanalizācija | F31: =Dati!H17 -> 0 | G31: =Dati!I17 -> 0 | H31: =Dati!J17 -> 0
D32: Aukst. ūdens | F32: =Dati!K17 -> 0 | G32: =Dati!L17 -> 0 | H32: =Dati!M17 -> 0
D33: Gāzes patēr. | F33: =Dati!N17 -> 0 | G33: =Dati!O17 -> 0 | H33: =Dati!P17 -> 0
A36: VEICOT MAKSĀJUMU AR INTERNETBNAKAS STARPNIECĪBU, OBLIGĀTI NORĀDĪT RĒĶINA NUMURU!
A43: BIC/SWIFT | C43: Bankas konta numurs/IBAN | H43: Telefons: | I43: 29530007
A44: HABALV22 | C44: LV40HABA0551032242194 AS SWEDBANK | H44: E-pasts:
J45: janinabobriseva57@inbox.lv

Sheet 16
C2: Janīna Bobriševa | H2: RĒĶINS
C3: Reģistrācija numurs: 01035710032 | H3: Rēķina numurs: | J3: =Dati!G18 -> DEC2025/16
C4: Parka iela 24, dz. 3 | H4: Rēķina datums: | J4: =Dati!B9 -> 46014
C5: Eleja, LV-3023 | H5: Apmaksāt līdz: | J5: =Dati!B10 -> 46028
C7: SIA HAF
C8: Reģ.nr. 43603049368
C9: Parka iela 24, dz. 16, Eleja, LV-3023
B14: NPK | C14: PAKALPOJUMS | F14: CENA PAR VIENĪBU (EUR) | H14: DAUDZUMS | I14: KOPĀ (EUR)
B15: 1 | C15: Dzīvokļa īre | F15: =[1]DATUMI!H2 -> 0.28 | H15: 52 | I15: =ROUND(F15*H15,2) -> 14.56
B16: 2 | C16: Atkritumi | F16: =Dati!D3 -> 6.41 | H16: =Dati!AA17 -> 1 | I16: =ROUND(F16*H16,2) -> 6.41
B17: 3 | C17: Kanalizācija | F17: =Dati!D5 -> 2.8919 | H17: =Dati!J18+Dati!M18 -> 4 | I17: =F17*H17 -> 11.5676
B18: 4 | C18: Aukstais ūdens | F18: =Dati!D4 -> 2.0449 | H18: =Dati!J18+Dati!M18 -> 4 | I18: =F18*H18 -> 8.1796
B19: 5 | C19: Gāzes abonēšana | F19: =Dati!D7 -> 1.76 | H19: =Dati!AB17 -> 1 | I19: =F19*H19 -> 1.76
B20: 6 | C20: Gāzes patēriņš | F20: =Dati!D6 -> 5.89028 | H20: =Dati!P18 -> 1 | I20: =F20*H20 -> 5.89028
B21: 7 | C21: Elektrības patēriņš | F21: =Dati!D2 -> 1.4341667 | H21: =Dati!Z17 -> 1 | I21: =F21*H21 -> 1.4341667
G24: Kopā (EUR) | I24: =ROUND(SUM(I15:I21),2) -> 49.8
G25: Pārmaksa (EUR) | I25: 0
G26: Parāds (EUR) | I26: 0
G27: Summa apmaksai (EUR) | I27: =ROUND(I24-I25+I26,2) -> 49.8
B29: =Dati!R1 -> Skaitītāju rādījumi par: | F29: =Dati!U1 -> 01.11.2025.-30.11.2025.
F30: IEPRIEKŠ | G30: TAGAD | H30: PATĒRIŅŠ
D31: Kanalizācija | F31: =Dati!H18 -> 0 | G31: =Dati!I18 -> 0 | H31: =Dati!J18 -> 0
D32: Aukst. ūdens | F32: =Dati!K18 -> 751 | G32: =Dati!L18 -> 755 | H32: =Dati!M18 -> 4
D33: Gāzes patēr. | F33: =Dati!N18 -> 337 | G33: =Dati!O18 -> 338 | H33: =Dati!P18 -> 1
A36: VEICOT MAKSĀJUMU AR INTERNETBNAKAS STARPNIECĪBU, OBLIGĀTI NORĀDĪT RĒĶINA NUMURU!
A43: BIC/SWIFT | C43: Bankas konta numurs/IBAN | H43: Telefons: | I43: 29530007
A44: HABALV22 | C44: LV40HABA0551032242194 AS SWEDBANK | H44: E-pasts:
J45: janinabobriseva57@inbox.lv

Sheet 17
C2: Janīna Bobriševa | H2: RĒĶINS
C3: Reģistrācija numurs: 01035710032 | H3: Rēķina numurs: | J3: =Dati!G19 -> DEC2025/17
C4: Parka iela 24, dz. 3 | H4: Rēķina datums: | J4: =Dati!B9 -> 46014
C5: Eleja, LV-3023 | H5: Apmaksāt līdz: | J5: =Dati!B10 -> 46028
C8: Aina Kocare
C9: Parka iela 24, dz. 17
C10: Eleja, LV-3023
B14: NPK | C14: PAKALPOJUMS | F14: CENA PAR VIENĪBU (EUR) | H14: DAUDZUMS | I14: KOPĀ (EUR)
B15: 1 | C15: Dzīvokļa īre | F15: =[1]DATUMI!H2 -> 0.28 | H15: 33 | I15: =ROUND(F15*H15,2) -> 9.24
B16: 2 | C16: Atkritumi | F16: =Dati!D3 -> 6.41 | H16: =Dati!AA18 -> 1 | I16: =ROUND(F16*H16,2) -> 6.41
B17: 3 | C17: Kanalizācija | F17: =Dati!D5 -> 2.8919 | H17: =Dati!J19+Dati!M19 -> 2.5 | I17: =F17*H17 -> 7.22975
B18: 4 | C18: Aukstais ūdens | F18: =Dati!D4 -> 2.0449 | H18: =Dati!J19+Dati!M19 -> 2.5 | I18: =F18*H18 -> 5.11225
B19: 5 | C19: Gāzes abonēšana | F19: =Dati!D7 -> 1.76 | H19: =Dati!AB18 -> 0 | I19: =F19*H19 -> 0
B20: 6 | C20: Gāzes patēriņš | F20: =Dati!D6 -> 5.89028 | H20: =Dati!P19 -> 0 | I20: =F20*H20 -> 0
B21: 7 | C21: Elektrības patēriņš | F21: =Dati!D2 -> 1.4341667 | H21: =Dati!Z18 -> 1 | I21: =F21*H21 -> 1.4341667
G24: Kopā (EUR) | I24: =ROUND(SUM(I15:I21),2) -> 29.43
G25: Pārmaksa (EUR) | I25: 0
G26: Parāds (EUR) | I26: 0
G27: Summa apmaksai (EUR) | I27: =ROUND(I24-I25+I26,2) -> 29.43
B29: =Dati!R1 -> Skaitītāju rādījumi par: | F29: =Dati!U1 -> 01.11.2025.-30.11.2025.
F30: IEPRIEKŠ | G30: TAGAD | H30: PATĒRIŅŠ
D31: Kanalizācija | F31: =Dati!H19 -> 0 | G31: =Dati!I19 -> 0 | H31: =Dati!J19 -> 0
D32: Aukst. ūdens | F32: =Dati!K19 -> 547.3 | G32: =Dati!L19 -> 549.8 | H32: =Dati!M19 -> 2.5
D33: Gāzes patēr. | F33: =Dati!N19 -> 0 | G33: =Dati!O19 -> 0 | H33: =Dati!P19 -> 0
A36: VEICOT MAKSĀJUMU AR INTERNETBNAKAS STARPNIECĪBU, OBLIGĀTI NORĀDĪT RĒĶINA NUMURU!
A43: BIC/SWIFT | C43: Bankas konta numurs/IBAN | H43: Telefons: | I43: 29530007
A44: HABALV22 | C44: LV40HABA0551032242194 AS SWEDBANK | H44: E-pasts:
J45: janinabobriseva57@inbox.lv

Sheet 18
C2: Janīna Bobriševa | H2: RĒĶINS
C3: Reģistrācija numurs: 01035710032 | H3: Rēķina numurs: | J3: =Dati!G20 -> DEC2025/18
C4: Parka iela 24, dz. 3 | H4: Rēķina datums: | J4: =Dati!B9 -> 46014
C5: Eleja, LV-3023 | H5: Apmaksāt līdz: | J5: =Dati!B10 -> 46028
C8: Jānis Cielavs
C9: Parka iela 24, dz. 18
C10: Eleja, LV-3023
B14: NPK | C14: PAKALPOJUMS | F14: CENA PAR VIENĪBU (EUR) | H14: DAUDZUMS | I14: KOPĀ (EUR)
B15: 1 | C15: Dzīvokļa īre | F15: =[1]DATUMI!H2 -> 0.28 | H15: 68 | I15: =ROUND(F15*H15,2) -> 19.04
B16: 2 | C16: Atkritumi | F16: =Dati!D3 -> 6.41 | H16: =Dati!AA19 -> 0 | I16: =ROUND(F16*H16,2) -> 0
B17: 3 | C17: Kanalizācija | F17: =Dati!D5 -> 2.8919 | H17: =Dati!J20+Dati!M20 -> 0 | I17: =F17*H17 -> 0
B18: 4 | C18: Aukstais ūdens | F18: =Dati!D4 -> 2.0449 | H18: =Dati!J20+Dati!M20 -> 0 | I18: =F18*H18 -> 0
B19: 5 | C19: Gāzes abonēšana | F19: =Dati!D7 -> 1.76 | H19: =Dati!AB19 -> 0 | I19: =F19*H19 -> 0
B20: 6 | C20: Gāzes patēriņš | F20: =Dati!D6 -> 5.89028 | H20: =Dati!P20 -> 0 | I20: =F20*H20 -> 0
B21: 7 | C21: Elektrības patēriņš | F21: =Dati!D2 -> 1.4341667 | H21: =Dati!Z19 -> 0 | I21: =F21*H21 -> 0
G24: Kopā (EUR) | I24: =ROUND(SUM(I15:I21),2) -> 19.04
G25: Pārmaksa (EUR) | I25: 0
G26: Parāds (EUR) | I26: 76.16
G27: Summa apmaksai (EUR) | I27: =ROUND(I24-I25+I26,2) -> 95.2
B29: =Dati!R1 -> Skaitītāju rādījumi par: | F29: =Dati!U1 -> 01.11.2025.-30.11.2025.
F30: IEPRIEKŠ | G30: TAGAD | H30: PATĒRIŅŠ
D31: Kanalizācija | F31: =Dati!H20 -> 0 | G31: =Dati!I20 -> 0 | H31: =Dati!J20 -> 0
D32: Aukst. ūdens | F32: =Dati!K20 -> 57.09 | G32: =Dati!L20 -> 57.09 | H32: =Dati!M20 -> 0
D33: Gāzes patēr. | F33: =Dati!N20 -> 249.5 | G33: =Dati!O20 -> 249.5 | H33: =Dati!P20 -> 0
A36: VEICOT MAKSĀJUMU AR INTERNETBNAKAS STARPNIECĪBU, OBLIGĀTI NORĀDĪT RĒĶINA NUMURU!
A43: BIC/SWIFT | C43: Bankas konta numurs/IBAN | H43: Telefons: | I43: 29530007
A44: HABALV22 | C44: LV40HABA0551032242194 AS SWEDBANK | H44: E-pasts:
J45: janinabobriseva57@inbox.lv
